Drone ID,Total Step,Total Distance,Total Orders
3,3364,440498.3480574597,27
1,3372,440894.8935015532,23
4,3402,451866.75048683886,26
2,3460,464166.8543430172,24
