Drone ID,Total Step,Total Distance,Total Orders
2,78,9372.95450377204,1
3,105,13389.955544952913,1
4,125,16883.947972130685,1
1,253,31881.410213692707,1
